industry_code,industry_name,category
CS100001,한식음식점,외식업
CS100002,중식음식점,외식업
CS100003,일식음식점,외식업
CS100004,양식음식점,외식업
CS100005,제과점,외식업
CS100006,패스트푸드점,외식업
CS100007,치킨전문점,외식업
CS100008,분식전문점,외식업
CS100009,호프-간이주점,외식업
CS100010,커피-음료,외식업
CS200001,일반교습학원,서비스업
CS200002,외국어학원,서비스업
CS200003,예술학원,서비스업
CS200004,컴퓨터학원,서비스업
CS200005,스포츠 강습,서비스업
CS200006,일반의원,서비스업
CS200007,치과의원,서비스업
CS200008,한의원,서비스업
CS200009,동물병원,서비스업
CS200010,변호사사무소,서비스업
CS200011,변리사사무소,서비스업
CS200012,법무사사무소,서비스업
CS200013,기타법무서비스,서비스업
CS200014,회계사사무소,서비스업
CS200015,세무사사무소,서비스업
CS200016,당구장,서비스업
CS200017,골프연습장,서비스업
CS200018,볼링장,서비스업
CS200019,PC방,서비스업
CS200020,전자게임장,서비스업
CS200021,기타오락장,서비스업
CS200022,복권방,서비스업
CS200023,통신기기수리,서비스업
CS200024,스포츠클럽,서비스업
CS200025,자동차수리,서비스업
CS200026,자동차미용,서비스업
CS200027,모터사이클수리,서비스업
CS200028,미용실,서비스업
CS200029,네일숍,서비스업
CS200030,피부관리실,서비스업
CS200031,세탁소,서비스업
CS200032,가전제품수리,서비스업
CS200033,부동산중개업,서비스업
CS200034,여관,서비스업
CS200035,게스트하우스,서비스업
CS200036,고시원,서비스업
CS200037,노래방,서비스업
CS200038,독서실,서비스업
CS200039,DVD방,서비스업
CS200040,녹음실,서비스업
CS200041,사진관,서비스업
CS200042,통번역서비스,서비스업
CS200043,건축물청소,서비스업
CS200044,여행사,서비스업
CS200045,비디오/서적임대,서비스업
CS200046,의류임대,서비스업
CS200047,가정용품임대,서비스업
CS300001,슈퍼마켓,소매업
CS300002,편의점,소매업
CS300003,컴퓨터및주변장치판매,소매업
CS300004,핸드폰,소매업
CS300005,주류도매,소매업
CS300006,미곡판매,소매업
CS300007,육류판매,소매업
CS300008,수산물판매,소매업
CS300009,청과상,소매업
CS300010,반찬가게,소매업
CS300011,일반의류,소매업
CS300012,한복점,소매업
CS300013,유아의류,소매업
CS300014,신발,소매업
CS300015,가방,소매업
CS300016,안경,소매업
CS300017,시계및귀금속,소매업
CS300018,의약품,소매업
CS300019,의료기기,소매업
CS300020,서적,소매업
CS300021,문구,소매업
CS300022,화장품,소매업
CS300023,미용재료,소매업
CS300024,운동/경기용품,소매업
CS300025,자전거 및 기타운송장비,소매업
CS300026,완구,소매업
CS300027,섬유제품,소매업
CS300028,화초,소매업
CS300029,애완동물,소매업
CS300030,중고가구,소매업
CS300031,가구,소매업
CS300032,가전제품,소매업
CS300033,철물점,소매업
CS300034,악기,소매업
CS300035,인테리어,소매업
CS300036,조명용품,소매업
CS300037,중고차판매,소매업
CS300038,자동차부품,소매업
CS300039,모터사이클및부품,소매업
CS300040,재생용품 판매점,소매업
CS300041,예술품,소매업
CS300042,주유소,소매업
CS300043,전자상거래업,소매업
