row_type,industry_code,industry_name,coverage,license_type,subtype_field,subtype,decision,reason,reference
coverage,CS100001,한식음식점,커버됨,,,,,현재 수집 원천의 명확한 업태에서 개폐업 관측 가능: 일반음식점/휴게음식점; 전수 커버리지 보장 아님,https://golmok.seoul.go.kr/images/100_v3.pdf
coverage,CS100002,중식음식점,커버됨,,,,,현재 수집 원천의 명확한 업태에서 개폐업 관측 가능: 일반음식점; 전수 커버리지 보장 아님,https://golmok.seoul.go.kr/images/100_v3.pdf
coverage,CS100003,일식음식점,커버됨,,,,,현재 수집 원천의 명확한 업태에서 개폐업 관측 가능: 일반음식점; 전수 커버리지 보장 아님,https://golmok.seoul.go.kr/images/100_v3.pdf
coverage,CS100004,양식음식점,커버됨,,,,,현재 수집 원천의 명확한 업태에서 개폐업 관측 가능: 일반음식점; 전수 커버리지 보장 아님,https://golmok.seoul.go.kr/images/100_v3.pdf
coverage,CS100005,제과점,애매함,,,,,과자점 등 일부 기록은 매핑되나 별도 제과점영업 원천 미수집; 생존학습 커버됨으로 확정하지 않음,https://data.seoul.go.kr/dataList/OA-16095/S/1/datasetView.do;https://golmok.seoul.go.kr/images/100_v3.pdf
coverage,CS100006,패스트푸드점,커버됨,,,,,현재 수집 원천의 명확한 업태에서 개폐업 관측 가능: 일반음식점/휴게음식점; 전수 커버리지 보장 아님,https://golmok.seoul.go.kr/images/100_v3.pdf
coverage,CS100007,치킨전문점,커버됨,,,,,현재 수집 원천의 명확한 업태에서 개폐업 관측 가능: 일반음식점; 전수 커버리지 보장 아님,https://golmok.seoul.go.kr/images/100_v3.pdf
coverage,CS100008,분식전문점,커버됨,,,,,현재 수집 원천의 명확한 업태에서 개폐업 관측 가능: 일반음식점/휴게음식점; 전수 커버리지 보장 아님,https://golmok.seoul.go.kr/images/100_v3.pdf
coverage,CS100009,호프-간이주점,커버됨,,,,,현재 수집 원천의 명확한 업태에서 개폐업 관측 가능: 일반음식점; 전수 커버리지 보장 아님; 호프/통닭 등 혼합 업태 제외,https://golmok.seoul.go.kr/images/100_v3.pdf
coverage,CS100010,커피-음료,커버됨,,,,,현재 수집 원천의 명확한 업태에서 개폐업 관측 가능: 일반음식점/휴게음식점; 전수 커버리지 보장 아님; 까페/떡카페/키즈카페 등 혼합 업태 제외,https://golmok.seoul.go.kr/images/100_v3.pdf
coverage,CS200001,일반교습학원,애매함,,,,,현재 수집한 6종에 직접 대응하는 확정 기록 없음; 다른 인허가 원천 미수집/업종 범위 확인 필요; 인허가 대상 아님으로 단정하지 않음,https://golmok.seoul.go.kr/images/100_v3.pdf
coverage,CS200002,외국어학원,애매함,,,,,현재 수집한 6종에 직접 대응하는 확정 기록 없음; 다른 인허가 원천 미수집/업종 범위 확인 필요; 인허가 대상 아님으로 단정하지 않음,https://golmok.seoul.go.kr/images/100_v3.pdf
coverage,CS200003,예술학원,애매함,,,,,현재 수집한 6종에 직접 대응하는 확정 기록 없음; 다른 인허가 원천 미수집/업종 범위 확인 필요; 인허가 대상 아님으로 단정하지 않음,https://golmok.seoul.go.kr/images/100_v3.pdf
coverage,CS200004,컴퓨터학원,애매함,,,,,현재 수집한 6종에 직접 대응하는 확정 기록 없음; 다른 인허가 원천 미수집/업종 범위 확인 필요; 인허가 대상 아님으로 단정하지 않음,https://golmok.seoul.go.kr/images/100_v3.pdf
coverage,CS200005,스포츠 강습,애매함,,,,,현재 수집한 6종에 직접 대응하는 확정 기록 없음; 다른 인허가 원천 미수집/업종 범위 확인 필요; 인허가 대상 아님으로 단정하지 않음,https://golmok.seoul.go.kr/images/100_v3.pdf
coverage,CS200006,일반의원,애매함,,,,,현재 수집한 6종에 직접 대응하는 확정 기록 없음; 다른 인허가 원천 미수집/업종 범위 확인 필요; 인허가 대상 아님으로 단정하지 않음,https://golmok.seoul.go.kr/images/100_v3.pdf
coverage,CS200007,치과의원,애매함,,,,,현재 수집한 6종에 직접 대응하는 확정 기록 없음; 다른 인허가 원천 미수집/업종 범위 확인 필요; 인허가 대상 아님으로 단정하지 않음,https://golmok.seoul.go.kr/images/100_v3.pdf
coverage,CS200008,한의원,애매함,,,,,현재 수집한 6종에 직접 대응하는 확정 기록 없음; 다른 인허가 원천 미수집/업종 범위 확인 필요; 인허가 대상 아님으로 단정하지 않음,https://golmok.seoul.go.kr/images/100_v3.pdf
coverage,CS200009,동물병원,애매함,,,,,현재 수집한 6종에 직접 대응하는 확정 기록 없음; 다른 인허가 원천 미수집/업종 범위 확인 필요; 인허가 대상 아님으로 단정하지 않음,https://golmok.seoul.go.kr/images/100_v3.pdf
coverage,CS200010,변호사사무소,애매함,,,,,현재 수집한 6종에 직접 대응하는 확정 기록 없음; 다른 인허가 원천 미수집/업종 범위 확인 필요; 인허가 대상 아님으로 단정하지 않음,https://golmok.seoul.go.kr/images/100_v3.pdf
coverage,CS200011,변리사사무소,애매함,,,,,현재 수집한 6종에 직접 대응하는 확정 기록 없음; 다른 인허가 원천 미수집/업종 범위 확인 필요; 인허가 대상 아님으로 단정하지 않음,https://golmok.seoul.go.kr/images/100_v3.pdf
coverage,CS200012,법무사사무소,애매함,,,,,현재 수집한 6종에 직접 대응하는 확정 기록 없음; 다른 인허가 원천 미수집/업종 범위 확인 필요; 인허가 대상 아님으로 단정하지 않음,https://golmok.seoul.go.kr/images/100_v3.pdf
coverage,CS200013,기타법무서비스,애매함,,,,,현재 수집한 6종에 직접 대응하는 확정 기록 없음; 다른 인허가 원천 미수집/업종 범위 확인 필요; 인허가 대상 아님으로 단정하지 않음,https://golmok.seoul.go.kr/images/100_v3.pdf
coverage,CS200014,회계사사무소,애매함,,,,,현재 수집한 6종에 직접 대응하는 확정 기록 없음; 다른 인허가 원천 미수집/업종 범위 확인 필요; 인허가 대상 아님으로 단정하지 않음,https://golmok.seoul.go.kr/images/100_v3.pdf
coverage,CS200015,세무사사무소,애매함,,,,,현재 수집한 6종에 직접 대응하는 확정 기록 없음; 다른 인허가 원천 미수집/업종 범위 확인 필요; 인허가 대상 아님으로 단정하지 않음,https://golmok.seoul.go.kr/images/100_v3.pdf
coverage,CS200016,당구장,애매함,,,,,현재 수집한 6종에 직접 대응하는 확정 기록 없음; 다른 인허가 원천 미수집/업종 범위 확인 필요; 인허가 대상 아님으로 단정하지 않음,https://golmok.seoul.go.kr/images/100_v3.pdf
coverage,CS200017,골프연습장,애매함,,,,,현재 수집한 6종에 직접 대응하는 확정 기록 없음; 다른 인허가 원천 미수집/업종 범위 확인 필요; 인허가 대상 아님으로 단정하지 않음,https://golmok.seoul.go.kr/images/100_v3.pdf
coverage,CS200018,볼링장,애매함,,,,,현재 수집한 6종에 직접 대응하는 확정 기록 없음; 다른 인허가 원천 미수집/업종 범위 확인 필요; 인허가 대상 아님으로 단정하지 않음,https://golmok.seoul.go.kr/images/100_v3.pdf
coverage,CS200019,PC방,커버됨,,,,,현재 수집 원천의 명확한 업태에서 개폐업 관측 가능: 인터넷컴퓨터게임시설제공업; 전수 커버리지 보장 아님,https://golmok.seoul.go.kr/images/100_v3.pdf
coverage,CS200020,전자게임장,애매함,,,,,현재 수집한 6종에 직접 대응하는 확정 기록 없음; 다른 인허가 원천 미수집/업종 범위 확인 필요; 인허가 대상 아님으로 단정하지 않음,https://golmok.seoul.go.kr/images/100_v3.pdf
coverage,CS200021,기타오락장,애매함,,,,,현재 수집한 6종에 직접 대응하는 확정 기록 없음; 다른 인허가 원천 미수집/업종 범위 확인 필요; 인허가 대상 아님으로 단정하지 않음,https://golmok.seoul.go.kr/images/100_v3.pdf
coverage,CS200022,복권방,애매함,,,,,현재 수집한 6종에 직접 대응하는 확정 기록 없음; 다른 인허가 원천 미수집/업종 범위 확인 필요; 인허가 대상 아님으로 단정하지 않음,https://golmok.seoul.go.kr/images/100_v3.pdf
coverage,CS200023,통신기기수리,애매함,,,,,현재 수집한 6종에 직접 대응하는 확정 기록 없음; 다른 인허가 원천 미수집/업종 범위 확인 필요; 인허가 대상 아님으로 단정하지 않음,https://golmok.seoul.go.kr/images/100_v3.pdf
coverage,CS200024,스포츠클럽,커버됨,,,,,현재 수집 원천의 명확한 업태에서 개폐업 관측 가능: 체력단련장업; 전수 커버리지 보장 아님,https://golmok.seoul.go.kr/images/100_v3.pdf
coverage,CS200025,자동차수리,애매함,,,,,현재 수집한 6종에 직접 대응하는 확정 기록 없음; 다른 인허가 원천 미수집/업종 범위 확인 필요; 인허가 대상 아님으로 단정하지 않음,https://golmok.seoul.go.kr/images/100_v3.pdf
coverage,CS200026,자동차미용,애매함,,,,,현재 수집한 6종에 직접 대응하는 확정 기록 없음; 다른 인허가 원천 미수집/업종 범위 확인 필요; 인허가 대상 아님으로 단정하지 않음,https://golmok.seoul.go.kr/images/100_v3.pdf
coverage,CS200027,모터사이클수리,애매함,,,,,현재 수집한 6종에 직접 대응하는 확정 기록 없음; 다른 인허가 원천 미수집/업종 범위 확인 필요; 인허가 대상 아님으로 단정하지 않음,https://golmok.seoul.go.kr/images/100_v3.pdf
coverage,CS200028,미용실,커버됨,,,,,현재 수집 원천의 명확한 업태에서 개폐업 관측 가능: 미용업; 전수 커버리지 보장 아님,https://golmok.seoul.go.kr/images/100_v3.pdf
coverage,CS200029,네일숍,커버됨,,,,,현재 수집 원천의 명확한 업태에서 개폐업 관측 가능: 미용업; 전수 커버리지 보장 아님,https://golmok.seoul.go.kr/images/100_v3.pdf
coverage,CS200030,피부관리실,커버됨,,,,,현재 수집 원천의 명확한 업태에서 개폐업 관측 가능: 미용업; 전수 커버리지 보장 아님,https://golmok.seoul.go.kr/images/100_v3.pdf
coverage,CS200031,세탁소,애매함,,,,,현재 수집한 6종에 직접 대응하는 확정 기록 없음; 다른 인허가 원천 미수집/업종 범위 확인 필요; 인허가 대상 아님으로 단정하지 않음,https://golmok.seoul.go.kr/images/100_v3.pdf
coverage,CS200032,가전제품수리,애매함,,,,,현재 수집한 6종에 직접 대응하는 확정 기록 없음; 다른 인허가 원천 미수집/업종 범위 확인 필요; 인허가 대상 아님으로 단정하지 않음,https://golmok.seoul.go.kr/images/100_v3.pdf
coverage,CS200033,부동산중개업,애매함,,,,,현재 수집한 6종에 직접 대응하는 확정 기록 없음; 다른 인허가 원천 미수집/업종 범위 확인 필요; 인허가 대상 아님으로 단정하지 않음,https://golmok.seoul.go.kr/images/100_v3.pdf
coverage,CS200034,여관,애매함,,,,,현재 수집한 6종에 직접 대응하는 확정 기록 없음; 다른 인허가 원천 미수집/업종 범위 확인 필요; 인허가 대상 아님으로 단정하지 않음,https://golmok.seoul.go.kr/images/100_v3.pdf
coverage,CS200035,게스트하우스,애매함,,,,,현재 수집한 6종에 직접 대응하는 확정 기록 없음; 다른 인허가 원천 미수집/업종 범위 확인 필요; 인허가 대상 아님으로 단정하지 않음,https://golmok.seoul.go.kr/images/100_v3.pdf
coverage,CS200036,고시원,애매함,,,,,현재 수집한 6종에 직접 대응하는 확정 기록 없음; 다른 인허가 원천 미수집/업종 범위 확인 필요; 인허가 대상 아님으로 단정하지 않음,https://golmok.seoul.go.kr/images/100_v3.pdf
coverage,CS200037,노래방,커버됨,,,,,현재 수집 원천의 명확한 업태에서 개폐업 관측 가능: 노래연습장업; 전수 커버리지 보장 아님,https://golmok.seoul.go.kr/images/100_v3.pdf
coverage,CS200038,독서실,애매함,,,,,현재 수집한 6종에 직접 대응하는 확정 기록 없음; 다른 인허가 원천 미수집/업종 범위 확인 필요; 인허가 대상 아님으로 단정하지 않음,https://golmok.seoul.go.kr/images/100_v3.pdf
coverage,CS200039,DVD방,애매함,,,,,현재 수집한 6종에 직접 대응하는 확정 기록 없음; 다른 인허가 원천 미수집/업종 범위 확인 필요; 인허가 대상 아님으로 단정하지 않음,https://golmok.seoul.go.kr/images/100_v3.pdf
coverage,CS200040,녹음실,애매함,,,,,현재 수집한 6종에 직접 대응하는 확정 기록 없음; 다른 인허가 원천 미수집/업종 범위 확인 필요; 인허가 대상 아님으로 단정하지 않음,https://golmok.seoul.go.kr/images/100_v3.pdf
coverage,CS200041,사진관,애매함,,,,,현재 수집한 6종에 직접 대응하는 확정 기록 없음; 다른 인허가 원천 미수집/업종 범위 확인 필요; 인허가 대상 아님으로 단정하지 않음,https://golmok.seoul.go.kr/images/100_v3.pdf
coverage,CS200042,통번역서비스,애매함,,,,,현재 수집한 6종에 직접 대응하는 확정 기록 없음; 다른 인허가 원천 미수집/업종 범위 확인 필요; 인허가 대상 아님으로 단정하지 않음,https://golmok.seoul.go.kr/images/100_v3.pdf
coverage,CS200043,건축물청소,애매함,,,,,현재 수집한 6종에 직접 대응하는 확정 기록 없음; 다른 인허가 원천 미수집/업종 범위 확인 필요; 인허가 대상 아님으로 단정하지 않음,https://golmok.seoul.go.kr/images/100_v3.pdf
coverage,CS200044,여행사,애매함,,,,,현재 수집한 6종에 직접 대응하는 확정 기록 없음; 다른 인허가 원천 미수집/업종 범위 확인 필요; 인허가 대상 아님으로 단정하지 않음,https://golmok.seoul.go.kr/images/100_v3.pdf
coverage,CS200045,비디오/서적임대,애매함,,,,,현재 수집한 6종에 직접 대응하는 확정 기록 없음; 다른 인허가 원천 미수집/업종 범위 확인 필요; 인허가 대상 아님으로 단정하지 않음,https://golmok.seoul.go.kr/images/100_v3.pdf
coverage,CS200046,의류임대,애매함,,,,,현재 수집한 6종에 직접 대응하는 확정 기록 없음; 다른 인허가 원천 미수집/업종 범위 확인 필요; 인허가 대상 아님으로 단정하지 않음,https://golmok.seoul.go.kr/images/100_v3.pdf
coverage,CS200047,가정용품임대,애매함,,,,,현재 수집한 6종에 직접 대응하는 확정 기록 없음; 다른 인허가 원천 미수집/업종 범위 확인 필요; 인허가 대상 아님으로 단정하지 않음,https://golmok.seoul.go.kr/images/100_v3.pdf
coverage,CS300001,슈퍼마켓,애매함,,,,,현재 수집한 6종에 직접 대응하는 확정 기록 없음; 다른 인허가 원천 미수집/업종 범위 확인 필요; 인허가 대상 아님으로 단정하지 않음,https://golmok.seoul.go.kr/images/100_v3.pdf
coverage,CS300002,편의점,애매함,,,,,현재 수집한 6종에 직접 대응하는 확정 기록 없음; 다른 인허가 원천 미수집/업종 범위 확인 필요; 인허가 대상 아님으로 단정하지 않음,https://golmok.seoul.go.kr/images/100_v3.pdf
coverage,CS300003,컴퓨터및주변장치판매,애매함,,,,,현재 수집한 6종에 직접 대응하는 확정 기록 없음; 다른 인허가 원천 미수집/업종 범위 확인 필요; 인허가 대상 아님으로 단정하지 않음,https://golmok.seoul.go.kr/images/100_v3.pdf
coverage,CS300004,핸드폰,애매함,,,,,현재 수집한 6종에 직접 대응하는 확정 기록 없음; 다른 인허가 원천 미수집/업종 범위 확인 필요; 인허가 대상 아님으로 단정하지 않음,https://golmok.seoul.go.kr/images/100_v3.pdf
coverage,CS300005,주류도매,애매함,,,,,현재 수집한 6종에 직접 대응하는 확정 기록 없음; 다른 인허가 원천 미수집/업종 범위 확인 필요; 인허가 대상 아님으로 단정하지 않음,https://golmok.seoul.go.kr/images/100_v3.pdf
coverage,CS300006,미곡판매,인허가 대상 아님,,,,,일반 오프라인 양곡·의류·신발·가방 판매 기준; 사업자등록과 업종 전용 지방행정 인허가는 구분; 온라인/특수영업 제외,https://sbiz.or.kr/files/cms/sup/knowledge/ssbiz_kn/__icsFiles/afieldfile/2017/05/12/%EC%B2%AD%EB%85%84%EC%A0%90%ED%8F%AC_%EC%9D%B8%ED%97%88%EA%B0%80_%EC%95%88%EB%82%B4_%EB%B0%8F_Q_A.pdf
coverage,CS300007,육류판매,애매함,,,,,현재 수집한 6종에 직접 대응하는 확정 기록 없음; 다른 인허가 원천 미수집/업종 범위 확인 필요; 인허가 대상 아님으로 단정하지 않음,https://golmok.seoul.go.kr/images/100_v3.pdf
coverage,CS300008,수산물판매,애매함,,,,,현재 수집한 6종에 직접 대응하는 확정 기록 없음; 다른 인허가 원천 미수집/업종 범위 확인 필요; 인허가 대상 아님으로 단정하지 않음,https://golmok.seoul.go.kr/images/100_v3.pdf
coverage,CS300009,청과상,애매함,,,,,현재 수집한 6종에 직접 대응하는 확정 기록 없음; 다른 인허가 원천 미수집/업종 범위 확인 필요; 인허가 대상 아님으로 단정하지 않음,https://golmok.seoul.go.kr/images/100_v3.pdf
coverage,CS300010,반찬가게,애매함,,,,,현재 수집한 6종에 직접 대응하는 확정 기록 없음; 다른 인허가 원천 미수집/업종 범위 확인 필요; 인허가 대상 아님으로 단정하지 않음,https://golmok.seoul.go.kr/images/100_v3.pdf
coverage,CS300011,일반의류,인허가 대상 아님,,,,,일반 오프라인 양곡·의류·신발·가방 판매 기준; 사업자등록과 업종 전용 지방행정 인허가는 구분; 온라인/특수영업 제외,https://sbiz.or.kr/files/cms/sup/knowledge/ssbiz_kn/__icsFiles/afieldfile/2017/05/12/%EC%B2%AD%EB%85%84%EC%A0%90%ED%8F%AC_%EC%9D%B8%ED%97%88%EA%B0%80_%EC%95%88%EB%82%B4_%EB%B0%8F_Q_A.pdf
coverage,CS300012,한복점,인허가 대상 아님,,,,,일반 오프라인 양곡·의류·신발·가방 판매 기준; 사업자등록과 업종 전용 지방행정 인허가는 구분; 온라인/특수영업 제외,https://sbiz.or.kr/files/cms/sup/knowledge/ssbiz_kn/__icsFiles/afieldfile/2017/05/12/%EC%B2%AD%EB%85%84%EC%A0%90%ED%8F%AC_%EC%9D%B8%ED%97%88%EA%B0%80_%EC%95%88%EB%82%B4_%EB%B0%8F_Q_A.pdf
coverage,CS300013,유아의류,인허가 대상 아님,,,,,일반 오프라인 양곡·의류·신발·가방 판매 기준; 사업자등록과 업종 전용 지방행정 인허가는 구분; 온라인/특수영업 제외,https://sbiz.or.kr/files/cms/sup/knowledge/ssbiz_kn/__icsFiles/afieldfile/2017/05/12/%EC%B2%AD%EB%85%84%EC%A0%90%ED%8F%AC_%EC%9D%B8%ED%97%88%EA%B0%80_%EC%95%88%EB%82%B4_%EB%B0%8F_Q_A.pdf
coverage,CS300014,신발,인허가 대상 아님,,,,,일반 오프라인 양곡·의류·신발·가방 판매 기준; 사업자등록과 업종 전용 지방행정 인허가는 구분; 온라인/특수영업 제외,https://sbiz.or.kr/files/cms/sup/knowledge/ssbiz_kn/__icsFiles/afieldfile/2017/05/12/%EC%B2%AD%EB%85%84%EC%A0%90%ED%8F%AC_%EC%9D%B8%ED%97%88%EA%B0%80_%EC%95%88%EB%82%B4_%EB%B0%8F_Q_A.pdf
coverage,CS300015,가방,인허가 대상 아님,,,,,일반 오프라인 양곡·의류·신발·가방 판매 기준; 사업자등록과 업종 전용 지방행정 인허가는 구분; 온라인/특수영업 제외,https://sbiz.or.kr/files/cms/sup/knowledge/ssbiz_kn/__icsFiles/afieldfile/2017/05/12/%EC%B2%AD%EB%85%84%EC%A0%90%ED%8F%AC_%EC%9D%B8%ED%97%88%EA%B0%80_%EC%95%88%EB%82%B4_%EB%B0%8F_Q_A.pdf
coverage,CS300016,안경,애매함,,,,,현재 수집한 6종에 직접 대응하는 확정 기록 없음; 다른 인허가 원천 미수집/업종 범위 확인 필요; 인허가 대상 아님으로 단정하지 않음,https://golmok.seoul.go.kr/images/100_v3.pdf
coverage,CS300017,시계및귀금속,애매함,,,,,현재 수집한 6종에 직접 대응하는 확정 기록 없음; 다른 인허가 원천 미수집/업종 범위 확인 필요; 인허가 대상 아님으로 단정하지 않음,https://golmok.seoul.go.kr/images/100_v3.pdf
coverage,CS300018,의약품,애매함,,,,,현재 수집한 6종에 직접 대응하는 확정 기록 없음; 다른 인허가 원천 미수집/업종 범위 확인 필요; 인허가 대상 아님으로 단정하지 않음,https://golmok.seoul.go.kr/images/100_v3.pdf
coverage,CS300019,의료기기,애매함,,,,,현재 수집한 6종에 직접 대응하는 확정 기록 없음; 다른 인허가 원천 미수집/업종 범위 확인 필요; 인허가 대상 아님으로 단정하지 않음,https://golmok.seoul.go.kr/images/100_v3.pdf
coverage,CS300020,서적,애매함,,,,,현재 수집한 6종에 직접 대응하는 확정 기록 없음; 다른 인허가 원천 미수집/업종 범위 확인 필요; 인허가 대상 아님으로 단정하지 않음,https://golmok.seoul.go.kr/images/100_v3.pdf
coverage,CS300021,문구,애매함,,,,,현재 수집한 6종에 직접 대응하는 확정 기록 없음; 다른 인허가 원천 미수집/업종 범위 확인 필요; 인허가 대상 아님으로 단정하지 않음,https://golmok.seoul.go.kr/images/100_v3.pdf
coverage,CS300022,화장품,애매함,,,,,현재 수집한 6종에 직접 대응하는 확정 기록 없음; 다른 인허가 원천 미수집/업종 범위 확인 필요; 인허가 대상 아님으로 단정하지 않음,https://golmok.seoul.go.kr/images/100_v3.pdf
coverage,CS300023,미용재료,애매함,,,,,현재 수집한 6종에 직접 대응하는 확정 기록 없음; 다른 인허가 원천 미수집/업종 범위 확인 필요; 인허가 대상 아님으로 단정하지 않음,https://golmok.seoul.go.kr/images/100_v3.pdf
coverage,CS300024,운동/경기용품,애매함,,,,,현재 수집한 6종에 직접 대응하는 확정 기록 없음; 다른 인허가 원천 미수집/업종 범위 확인 필요; 인허가 대상 아님으로 단정하지 않음,https://golmok.seoul.go.kr/images/100_v3.pdf
coverage,CS300025,자전거 및 기타운송장비,애매함,,,,,현재 수집한 6종에 직접 대응하는 확정 기록 없음; 다른 인허가 원천 미수집/업종 범위 확인 필요; 인허가 대상 아님으로 단정하지 않음,https://golmok.seoul.go.kr/images/100_v3.pdf
coverage,CS300026,완구,애매함,,,,,현재 수집한 6종에 직접 대응하는 확정 기록 없음; 다른 인허가 원천 미수집/업종 범위 확인 필요; 인허가 대상 아님으로 단정하지 않음,https://golmok.seoul.go.kr/images/100_v3.pdf
coverage,CS300027,섬유제품,애매함,,,,,현재 수집한 6종에 직접 대응하는 확정 기록 없음; 다른 인허가 원천 미수집/업종 범위 확인 필요; 인허가 대상 아님으로 단정하지 않음,https://golmok.seoul.go.kr/images/100_v3.pdf
coverage,CS300028,화초,애매함,,,,,현재 수집한 6종에 직접 대응하는 확정 기록 없음; 다른 인허가 원천 미수집/업종 범위 확인 필요; 인허가 대상 아님으로 단정하지 않음,https://golmok.seoul.go.kr/images/100_v3.pdf
coverage,CS300029,애완동물,애매함,,,,,현재 수집한 6종에 직접 대응하는 확정 기록 없음; 다른 인허가 원천 미수집/업종 범위 확인 필요; 인허가 대상 아님으로 단정하지 않음,https://golmok.seoul.go.kr/images/100_v3.pdf
coverage,CS300030,중고가구,애매함,,,,,현재 수집한 6종에 직접 대응하는 확정 기록 없음; 다른 인허가 원천 미수집/업종 범위 확인 필요; 인허가 대상 아님으로 단정하지 않음,https://golmok.seoul.go.kr/images/100_v3.pdf
coverage,CS300031,가구,애매함,,,,,현재 수집한 6종에 직접 대응하는 확정 기록 없음; 다른 인허가 원천 미수집/업종 범위 확인 필요; 인허가 대상 아님으로 단정하지 않음,https://golmok.seoul.go.kr/images/100_v3.pdf
coverage,CS300032,가전제품,애매함,,,,,현재 수집한 6종에 직접 대응하는 확정 기록 없음; 다른 인허가 원천 미수집/업종 범위 확인 필요; 인허가 대상 아님으로 단정하지 않음,https://golmok.seoul.go.kr/images/100_v3.pdf
coverage,CS300033,철물점,애매함,,,,,현재 수집한 6종에 직접 대응하는 확정 기록 없음; 다른 인허가 원천 미수집/업종 범위 확인 필요; 인허가 대상 아님으로 단정하지 않음,https://golmok.seoul.go.kr/images/100_v3.pdf
coverage,CS300034,악기,애매함,,,,,현재 수집한 6종에 직접 대응하는 확정 기록 없음; 다른 인허가 원천 미수집/업종 범위 확인 필요; 인허가 대상 아님으로 단정하지 않음,https://golmok.seoul.go.kr/images/100_v3.pdf
coverage,CS300035,인테리어,애매함,,,,,현재 수집한 6종에 직접 대응하는 확정 기록 없음; 다른 인허가 원천 미수집/업종 범위 확인 필요; 인허가 대상 아님으로 단정하지 않음,https://golmok.seoul.go.kr/images/100_v3.pdf
coverage,CS300036,조명용품,애매함,,,,,현재 수집한 6종에 직접 대응하는 확정 기록 없음; 다른 인허가 원천 미수집/업종 범위 확인 필요; 인허가 대상 아님으로 단정하지 않음,https://golmok.seoul.go.kr/images/100_v3.pdf
coverage,CS300037,중고차판매,애매함,,,,,현재 수집한 6종에 직접 대응하는 확정 기록 없음; 다른 인허가 원천 미수집/업종 범위 확인 필요; 인허가 대상 아님으로 단정하지 않음,https://golmok.seoul.go.kr/images/100_v3.pdf
coverage,CS300038,자동차부품,애매함,,,,,현재 수집한 6종에 직접 대응하는 확정 기록 없음; 다른 인허가 원천 미수집/업종 범위 확인 필요; 인허가 대상 아님으로 단정하지 않음,https://golmok.seoul.go.kr/images/100_v3.pdf
coverage,CS300039,모터사이클및부품,애매함,,,,,현재 수집한 6종에 직접 대응하는 확정 기록 없음; 다른 인허가 원천 미수집/업종 범위 확인 필요; 인허가 대상 아님으로 단정하지 않음,https://golmok.seoul.go.kr/images/100_v3.pdf
coverage,CS300040,재생용품 판매점,애매함,,,,,현재 수집한 6종에 직접 대응하는 확정 기록 없음; 다른 인허가 원천 미수집/업종 범위 확인 필요; 인허가 대상 아님으로 단정하지 않음,https://golmok.seoul.go.kr/images/100_v3.pdf
coverage,CS300041,예술품,애매함,,,,,현재 수집한 6종에 직접 대응하는 확정 기록 없음; 다른 인허가 원천 미수집/업종 범위 확인 필요; 인허가 대상 아님으로 단정하지 않음,https://golmok.seoul.go.kr/images/100_v3.pdf
coverage,CS300042,주유소,애매함,,,,,현재 수집한 6종에 직접 대응하는 확정 기록 없음; 다른 인허가 원천 미수집/업종 범위 확인 필요; 인허가 대상 아님으로 단정하지 않음,https://golmok.seoul.go.kr/images/100_v3.pdf
coverage,CS300043,전자상거래업,애매함,,,,,현재 수집한 6종에 직접 대응하는 확정 기록 없음; 다른 인허가 원천 미수집/업종 범위 확인 필요; 인허가 대상 아님으로 단정하지 않음,https://golmok.seoul.go.kr/images/100_v3.pdf
mapping,CS200037,노래방,,노래연습장업,문화체육업종명,노래연습장업,mapped,인허가 종류와 업태를 함께 검토해 단일 CS 업종에 연결; 서울시 100대 업종 정의와 대조,https://data.seoul.go.kr/dataList/OA-16037/S/1/datasetView.do;https://golmok.seoul.go.kr/images/100_v3.pdf
mapping,,,,미용업,업태구분명,기타,unclassified,두발/네일/피부로 확정할 수 없는 기타·메이크업·이용 업태; 미용실에 일괄 배정하지 않음,https://data.seoul.go.kr/dataList/OA-16063/S/1/datasetView.do;https://golmok.seoul.go.kr/images/100_v3.pdf
mapping,CS200029,네일숍,,미용업,업태구분명,네일아트업,mapped,인허가 종류와 업태를 함께 검토해 단일 CS 업종에 연결; 서울시 100대 업종 정의와 대조,https://data.seoul.go.kr/dataList/OA-16063/S/1/datasetView.do;https://golmok.seoul.go.kr/images/100_v3.pdf
mapping,,,,미용업,업태구분명,메이크업업,unclassified,두발/네일/피부로 확정할 수 없는 기타·메이크업·이용 업태; 미용실에 일괄 배정하지 않음,https://data.seoul.go.kr/dataList/OA-16063/S/1/datasetView.do;https://golmok.seoul.go.kr/images/100_v3.pdf
mapping,,,,미용업,업태구분명,미용업 기타,unclassified,두발/네일/피부로 확정할 수 없는 기타·메이크업·이용 업태; 미용실에 일괄 배정하지 않음,https://data.seoul.go.kr/dataList/OA-16063/S/1/datasetView.do;https://golmok.seoul.go.kr/images/100_v3.pdf
mapping,CS200028,미용실,,미용업,업태구분명,일반미용업,mapped,인허가 종류와 업태를 함께 검토해 단일 CS 업종에 연결; 서울시 100대 업종 정의와 대조,https://data.seoul.go.kr/dataList/OA-16063/S/1/datasetView.do;https://golmok.seoul.go.kr/images/100_v3.pdf
mapping,,,,미용업,업태구분명,일반이용업,unclassified,두발/네일/피부로 확정할 수 없는 기타·메이크업·이용 업태; 미용실에 일괄 배정하지 않음,https://data.seoul.go.kr/dataList/OA-16063/S/1/datasetView.do;https://golmok.seoul.go.kr/images/100_v3.pdf
mapping,CS200030,피부관리실,,미용업,업태구분명,피부미용업,mapped,인허가 종류와 업태를 함께 검토해 단일 CS 업종에 연결; 서울시 100대 업종 정의와 대조,https://data.seoul.go.kr/dataList/OA-16063/S/1/datasetView.do;https://golmok.seoul.go.kr/images/100_v3.pdf
mapping,CS200019,PC방,,인터넷컴퓨터게임시설제공업,문화체육업종명,인터넷컴퓨터게임시설제공업,mapped,인허가 종류와 업태를 함께 검토해 단일 CS 업종에 연결; 서울시 100대 업종 정의와 대조,https://data.seoul.go.kr/dataList/OA-16018/S/1/datasetView.do;https://golmok.seoul.go.kr/images/100_v3.pdf
mapping,,,,일반음식점,업태구분명,,unclassified,업태가 비어 있어 추정하지 않음,https://data.seoul.go.kr/dataList/OA-16094/S/1/datasetView.do;https://golmok.seoul.go.kr/images/100_v3.pdf
mapping,CS100009,호프-간이주점,,일반음식점,업태구분명,간이주점,mapped,인허가 종류와 업태를 함께 검토해 단일 CS 업종에 연결; 서울시 100대 업종 정의와 대조,https://data.seoul.go.kr/dataList/OA-16094/S/1/datasetView.do;https://golmok.seoul.go.kr/images/100_v3.pdf
mapping,,,,일반음식점,업태구분명,감성주점,unclassified,혼합 업태·시설 유형·유흥 또는 정의 불일치; 단일 CS 업종을 확정할 근거 부족,https://data.seoul.go.kr/dataList/OA-16094/S/1/datasetView.do;https://golmok.seoul.go.kr/images/100_v3.pdf
mapping,CS100004,양식음식점,,일반음식점,업태구분명,경양식,mapped,인허가 종류와 업태를 함께 검토해 단일 CS 업종에 연결; 서울시 100대 업종 정의와 대조,https://data.seoul.go.kr/dataList/OA-16094/S/1/datasetView.do;https://golmok.seoul.go.kr/images/100_v3.pdf
mapping,,,,일반음식점,업태구분명,기타,unclassified,혼합 업태·시설 유형·유흥 또는 정의 불일치; 단일 CS 업종을 확정할 근거 부족,https://data.seoul.go.kr/dataList/OA-16094/S/1/datasetView.do;https://golmok.seoul.go.kr/images/100_v3.pdf
mapping,,,,일반음식점,업태구분명,기타 휴게음식점,unclassified,혼합 업태·시설 유형·유흥 또는 정의 불일치; 단일 CS 업종을 확정할 근거 부족,https://data.seoul.go.kr/dataList/OA-16094/S/1/datasetView.do;https://golmok.seoul.go.kr/images/100_v3.pdf
mapping,CS100008,분식전문점,,일반음식점,업태구분명,김밥(도시락),mapped,인허가 종류와 업태를 함께 검토해 단일 CS 업종에 연결; 서울시 100대 업종 정의와 대조,https://data.seoul.go.kr/dataList/OA-16094/S/1/datasetView.do;https://golmok.seoul.go.kr/images/100_v3.pdf
mapping,,,,일반음식점,업태구분명,까페,unclassified,혼합 업태·시설 유형·유흥 또는 정의 불일치; 단일 CS 업종을 확정할 근거 부족,https://data.seoul.go.kr/dataList/OA-16094/S/1/datasetView.do;https://golmok.seoul.go.kr/images/100_v3.pdf
mapping,CS100001,한식음식점,,일반음식점,업태구분명,냉면집,mapped,인허가 종류와 업태를 함께 검토해 단일 CS 업종에 연결; 서울시 100대 업종 정의와 대조,https://data.seoul.go.kr/dataList/OA-16094/S/1/datasetView.do;https://golmok.seoul.go.kr/images/100_v3.pdf
mapping,CS100010,커피-음료,,일반음식점,업태구분명,다방,mapped,인허가 종류와 업태를 함께 검토해 단일 CS 업종에 연결; 서울시 100대 업종 정의와 대조; 비알코올 음료 업태 기준,https://data.seoul.go.kr/dataList/OA-16094/S/1/datasetView.do;https://golmok.seoul.go.kr/images/100_v3.pdf
mapping,,,,일반음식점,업태구분명,라이브카페,unclassified,혼합 업태·시설 유형·유흥 또는 정의 불일치; 단일 CS 업종을 확정할 근거 부족,https://data.seoul.go.kr/dataList/OA-16094/S/1/datasetView.do;https://golmok.seoul.go.kr/images/100_v3.pdf
mapping,,,,일반음식점,업태구분명,룸살롱,unclassified,혼합 업태·시설 유형·유흥 또는 정의 불일치; 단일 CS 업종을 확정할 근거 부족,https://data.seoul.go.kr/dataList/OA-16094/S/1/datasetView.do;https://golmok.seoul.go.kr/images/100_v3.pdf
mapping,,,,일반음식점,업태구분명,복어취급,unclassified,혼합 업태·시설 유형·유흥 또는 정의 불일치; 단일 CS 업종을 확정할 근거 부족,https://data.seoul.go.kr/dataList/OA-16094/S/1/datasetView.do;https://golmok.seoul.go.kr/images/100_v3.pdf
mapping,CS100008,분식전문점,,일반음식점,업태구분명,분식,mapped,인허가 종류와 업태를 함께 검토해 단일 CS 업종에 연결; 서울시 100대 업종 정의와 대조,https://data.seoul.go.kr/dataList/OA-16094/S/1/datasetView.do;https://golmok.seoul.go.kr/images/100_v3.pdf
mapping,,,,일반음식점,업태구분명,뷔페식,unclassified,혼합 업태·시설 유형·유흥 또는 정의 불일치; 단일 CS 업종을 확정할 근거 부족,https://data.seoul.go.kr/dataList/OA-16094/S/1/datasetView.do;https://golmok.seoul.go.kr/images/100_v3.pdf
mapping,CS100001,한식음식점,,일반음식점,업태구분명,식육(숯불구이),mapped,인허가 종류와 업태를 함께 검토해 단일 CS 업종에 연결; 서울시 100대 업종 정의와 대조,https://data.seoul.go.kr/dataList/OA-16094/S/1/datasetView.do;https://golmok.seoul.go.kr/images/100_v3.pdf
mapping,,,,일반음식점,업태구분명,식품등 수입판매업,unclassified,혼합 업태·시설 유형·유흥 또는 정의 불일치; 단일 CS 업종을 확정할 근거 부족,https://data.seoul.go.kr/dataList/OA-16094/S/1/datasetView.do;https://golmok.seoul.go.kr/images/100_v3.pdf
mapping,,,,일반음식점,업태구분명,식품소분업,unclassified,혼합 업태·시설 유형·유흥 또는 정의 불일치; 단일 CS 업종을 확정할 근거 부족,https://data.seoul.go.kr/dataList/OA-16094/S/1/datasetView.do;https://golmok.seoul.go.kr/images/100_v3.pdf
mapping,CS100004,양식음식점,,일반음식점,업태구분명,"외국음식전문점(인도,태국등)",mapped,인허가 종류와 업태를 함께 검토해 단일 CS 업종에 연결; 서울시 100대 업종 정의와 대조,https://data.seoul.go.kr/dataList/OA-16094/S/1/datasetView.do;https://golmok.seoul.go.kr/images/100_v3.pdf
mapping,,,,일반음식점,업태구분명,이동조리,unclassified,혼합 업태·시설 유형·유흥 또는 정의 불일치; 단일 CS 업종을 확정할 근거 부족,https://data.seoul.go.kr/dataList/OA-16094/S/1/datasetView.do;https://golmok.seoul.go.kr/images/100_v3.pdf
mapping,,,,일반음식점,업태구분명,일반조리판매,unclassified,혼합 업태·시설 유형·유흥 또는 정의 불일치; 단일 CS 업종을 확정할 근거 부족,https://data.seoul.go.kr/dataList/OA-16094/S/1/datasetView.do;https://golmok.seoul.go.kr/images/100_v3.pdf
mapping,CS100003,일식음식점,,일반음식점,업태구분명,일식,mapped,인허가 종류와 업태를 함께 검토해 단일 CS 업종에 연결; 서울시 100대 업종 정의와 대조,https://data.seoul.go.kr/dataList/OA-16094/S/1/datasetView.do;https://golmok.seoul.go.kr/images/100_v3.pdf
mapping,CS100010,커피-음료,,일반음식점,업태구분명,전통찻집,mapped,인허가 종류와 업태를 함께 검토해 단일 CS 업종에 연결; 서울시 100대 업종 정의와 대조; 비알코올 음료 업태 기준,https://data.seoul.go.kr/dataList/OA-16094/S/1/datasetView.do;https://golmok.seoul.go.kr/images/100_v3.pdf
mapping,CS100009,호프-간이주점,,일반음식점,업태구분명,정종/대포집/소주방,mapped,인허가 종류와 업태를 함께 검토해 단일 CS 업종에 연결; 서울시 100대 업종 정의와 대조,https://data.seoul.go.kr/dataList/OA-16094/S/1/datasetView.do;https://golmok.seoul.go.kr/images/100_v3.pdf
mapping,CS100005,제과점,,일반음식점,업태구분명,제과점영업,mapped,인허가 종류와 업태를 함께 검토해 단일 CS 업종에 연결; 서울시 100대 업종 정의와 대조,https://data.seoul.go.kr/dataList/OA-16094/S/1/datasetView.do;https://golmok.seoul.go.kr/images/100_v3.pdf
mapping,CS100002,중식음식점,,일반음식점,업태구분명,중국식,mapped,인허가 종류와 업태를 함께 검토해 단일 CS 업종에 연결; 서울시 100대 업종 정의와 대조,https://data.seoul.go.kr/dataList/OA-16094/S/1/datasetView.do;https://golmok.seoul.go.kr/images/100_v3.pdf
mapping,,,,일반음식점,업태구분명,출장조리,unclassified,혼합 업태·시설 유형·유흥 또는 정의 불일치; 단일 CS 업종을 확정할 근거 부족,https://data.seoul.go.kr/dataList/OA-16094/S/1/datasetView.do;https://golmok.seoul.go.kr/images/100_v3.pdf
mapping,CS100010,커피-음료,,일반음식점,업태구분명,커피숍,mapped,인허가 종류와 업태를 함께 검토해 단일 CS 업종에 연결; 서울시 100대 업종 정의와 대조,https://data.seoul.go.kr/dataList/OA-16094/S/1/datasetView.do;https://golmok.seoul.go.kr/images/100_v3.pdf
mapping,,,,일반음식점,업태구분명,키즈카페,unclassified,혼합 업태·시설 유형·유흥 또는 정의 불일치; 단일 CS 업종을 확정할 근거 부족,https://data.seoul.go.kr/dataList/OA-16094/S/1/datasetView.do;https://golmok.seoul.go.kr/images/100_v3.pdf
mapping,CS100001,한식음식점,,일반음식점,업태구분명,탕류(보신용),mapped,인허가 종류와 업태를 함께 검토해 단일 CS 업종에 연결; 서울시 100대 업종 정의와 대조,https://data.seoul.go.kr/dataList/OA-16094/S/1/datasetView.do;https://golmok.seoul.go.kr/images/100_v3.pdf
mapping,CS100007,치킨전문점,,일반음식점,업태구분명,통닭(치킨),mapped,인허가 종류와 업태를 함께 검토해 단일 CS 업종에 연결; 서울시 100대 업종 정의와 대조,https://data.seoul.go.kr/dataList/OA-16094/S/1/datasetView.do;https://golmok.seoul.go.kr/images/100_v3.pdf
mapping,CS100004,양식음식점,,일반음식점,업태구분명,패밀리레스트랑,mapped,인허가 종류와 업태를 함께 검토해 단일 CS 업종에 연결; 서울시 100대 업종 정의와 대조,https://data.seoul.go.kr/dataList/OA-16094/S/1/datasetView.do;https://golmok.seoul.go.kr/images/100_v3.pdf
mapping,CS100006,패스트푸드점,,일반음식점,업태구분명,패스트푸드,mapped,인허가 종류와 업태를 함께 검토해 단일 CS 업종에 연결; 서울시 100대 업종 정의와 대조,https://data.seoul.go.kr/dataList/OA-16094/S/1/datasetView.do;https://golmok.seoul.go.kr/images/100_v3.pdf
mapping,,,,일반음식점,업태구분명,푸드트럭,unclassified,혼합 업태·시설 유형·유흥 또는 정의 불일치; 단일 CS 업종을 확정할 근거 부족,https://data.seoul.go.kr/dataList/OA-16094/S/1/datasetView.do;https://golmok.seoul.go.kr/images/100_v3.pdf
mapping,CS100001,한식음식점,,일반음식점,업태구분명,한식,mapped,인허가 종류와 업태를 함께 검토해 단일 CS 업종에 연결; 서울시 100대 업종 정의와 대조,https://data.seoul.go.kr/dataList/OA-16094/S/1/datasetView.do;https://golmok.seoul.go.kr/images/100_v3.pdf
mapping,,,,일반음식점,업태구분명,호프/통닭,unclassified,호프와 치킨을 업태만으로 나눌 수 없음; 사업장명 추측 금지,https://data.seoul.go.kr/dataList/OA-16094/S/1/datasetView.do;https://golmok.seoul.go.kr/images/100_v3.pdf
mapping,,,,일반음식점,업태구분명,횟집,unclassified,한국식/일식 구분 정보 부족; 일식에 일괄 배정하지 않음,https://data.seoul.go.kr/dataList/OA-16094/S/1/datasetView.do;https://golmok.seoul.go.kr/images/100_v3.pdf
mapping,CS200024,스포츠클럽,,체력단련장업,문화체육업종명,체력단련장업,mapped,인허가 종류와 업태를 함께 검토해 단일 CS 업종에 연결; 서울시 100대 업종 정의와 대조,https://data.seoul.go.kr/dataList/OA-16142/S/1/datasetView.do;https://golmok.seoul.go.kr/images/100_v3.pdf
mapping,,,,휴게음식점,업태구분명,고속도로,unclassified,혼합 업태·시설 유형·유흥 또는 정의 불일치; 단일 CS 업종을 확정할 근거 부족,https://data.seoul.go.kr/dataList/OA-16095/S/1/datasetView.do;https://golmok.seoul.go.kr/images/100_v3.pdf
mapping,,,,휴게음식점,업태구분명,공항,unclassified,혼합 업태·시설 유형·유흥 또는 정의 불일치; 단일 CS 업종을 확정할 근거 부족,https://data.seoul.go.kr/dataList/OA-16095/S/1/datasetView.do;https://golmok.seoul.go.kr/images/100_v3.pdf
mapping,CS100005,제과점,,휴게음식점,업태구분명,과자점,mapped,인허가 종류와 업태를 함께 검토해 단일 CS 업종에 연결; 서울시 100대 업종 정의와 대조; 역사적 휴게음식점 과자점 범위만 해당하며 전체 제과점 생존 커버리지와 구분,https://data.seoul.go.kr/dataList/OA-16095/S/1/datasetView.do;https://golmok.seoul.go.kr/images/100_v3.pdf
mapping,,,,휴게음식점,업태구분명,관광호텔,unclassified,혼합 업태·시설 유형·유흥 또는 정의 불일치; 단일 CS 업종을 확정할 근거 부족,https://data.seoul.go.kr/dataList/OA-16095/S/1/datasetView.do;https://golmok.seoul.go.kr/images/100_v3.pdf
mapping,,,,휴게음식점,업태구분명,극장,unclassified,혼합 업태·시설 유형·유흥 또는 정의 불일치; 단일 CS 업종을 확정할 근거 부족,https://data.seoul.go.kr/dataList/OA-16095/S/1/datasetView.do;https://golmok.seoul.go.kr/images/100_v3.pdf
mapping,,,,휴게음식점,업태구분명,기타,unclassified,혼합 업태·시설 유형·유흥 또는 정의 불일치; 단일 CS 업종을 확정할 근거 부족,https://data.seoul.go.kr/dataList/OA-16095/S/1/datasetView.do;https://golmok.seoul.go.kr/images/100_v3.pdf
mapping,,,,휴게음식점,업태구분명,기타 휴게음식점,unclassified,혼합 업태·시설 유형·유흥 또는 정의 불일치; 단일 CS 업종을 확정할 근거 부족,https://data.seoul.go.kr/dataList/OA-16095/S/1/datasetView.do;https://golmok.seoul.go.kr/images/100_v3.pdf
mapping,CS100008,분식전문점,,휴게음식점,업태구분명,김밥(도시락),mapped,인허가 종류와 업태를 함께 검토해 단일 CS 업종에 연결; 서울시 100대 업종 정의와 대조,https://data.seoul.go.kr/dataList/OA-16095/S/1/datasetView.do;https://golmok.seoul.go.kr/images/100_v3.pdf
mapping,CS100010,커피-음료,,휴게음식점,업태구분명,다방,mapped,인허가 종류와 업태를 함께 검토해 단일 CS 업종에 연결; 서울시 100대 업종 정의와 대조; 비알코올 음료 업태 기준,https://data.seoul.go.kr/dataList/OA-16095/S/1/datasetView.do;https://golmok.seoul.go.kr/images/100_v3.pdf
mapping,,,,휴게음식점,업태구분명,단란주점,unclassified,혼합 업태·시설 유형·유흥 또는 정의 불일치; 단일 CS 업종을 확정할 근거 부족,https://data.seoul.go.kr/dataList/OA-16095/S/1/datasetView.do;https://golmok.seoul.go.kr/images/100_v3.pdf
mapping,,,,휴게음식점,업태구분명,떡카페,unclassified,혼합 업태·시설 유형·유흥 또는 정의 불일치; 단일 CS 업종을 확정할 근거 부족,https://data.seoul.go.kr/dataList/OA-16095/S/1/datasetView.do;https://golmok.seoul.go.kr/images/100_v3.pdf
mapping,,,,휴게음식점,업태구분명,룸살롱,unclassified,혼합 업태·시설 유형·유흥 또는 정의 불일치; 단일 CS 업종을 확정할 근거 부족,https://data.seoul.go.kr/dataList/OA-16095/S/1/datasetView.do;https://golmok.seoul.go.kr/images/100_v3.pdf
mapping,,,,휴게음식점,업태구분명,백화점,unclassified,혼합 업태·시설 유형·유흥 또는 정의 불일치; 단일 CS 업종을 확정할 근거 부족,https://data.seoul.go.kr/dataList/OA-16095/S/1/datasetView.do;https://golmok.seoul.go.kr/images/100_v3.pdf
mapping,,,,휴게음식점,업태구분명,아이스크림,unclassified,혼합 업태·시설 유형·유흥 또는 정의 불일치; 단일 CS 업종을 확정할 근거 부족,https://data.seoul.go.kr/dataList/OA-16095/S/1/datasetView.do;https://golmok.seoul.go.kr/images/100_v3.pdf
mapping,,,,휴게음식점,업태구분명,유원지,unclassified,혼합 업태·시설 유형·유흥 또는 정의 불일치; 단일 CS 업종을 확정할 근거 부족,https://data.seoul.go.kr/dataList/OA-16095/S/1/datasetView.do;https://golmok.seoul.go.kr/images/100_v3.pdf
mapping,,,,휴게음식점,업태구분명,일반조리판매,unclassified,혼합 업태·시설 유형·유흥 또는 정의 불일치; 단일 CS 업종을 확정할 근거 부족,https://data.seoul.go.kr/dataList/OA-16095/S/1/datasetView.do;https://golmok.seoul.go.kr/images/100_v3.pdf
mapping,CS100010,커피-음료,,휴게음식점,업태구분명,전통찻집,mapped,인허가 종류와 업태를 함께 검토해 단일 CS 업종에 연결; 서울시 100대 업종 정의와 대조; 비알코올 음료 업태 기준,https://data.seoul.go.kr/dataList/OA-16095/S/1/datasetView.do;https://golmok.seoul.go.kr/images/100_v3.pdf
mapping,,,,휴게음식점,업태구분명,철도역구내,unclassified,혼합 업태·시설 유형·유흥 또는 정의 불일치; 단일 CS 업종을 확정할 근거 부족,https://data.seoul.go.kr/dataList/OA-16095/S/1/datasetView.do;https://golmok.seoul.go.kr/images/100_v3.pdf
mapping,CS100010,커피-음료,,휴게음식점,업태구분명,커피숍,mapped,인허가 종류와 업태를 함께 검토해 단일 CS 업종에 연결; 서울시 100대 업종 정의와 대조,https://data.seoul.go.kr/dataList/OA-16095/S/1/datasetView.do;https://golmok.seoul.go.kr/images/100_v3.pdf
mapping,,,,휴게음식점,업태구분명,키즈카페,unclassified,혼합 업태·시설 유형·유흥 또는 정의 불일치; 단일 CS 업종을 확정할 근거 부족,https://data.seoul.go.kr/dataList/OA-16095/S/1/datasetView.do;https://golmok.seoul.go.kr/images/100_v3.pdf
mapping,CS100006,패스트푸드점,,휴게음식점,업태구분명,패스트푸드,mapped,인허가 종류와 업태를 함께 검토해 단일 CS 업종에 연결; 서울시 100대 업종 정의와 대조,https://data.seoul.go.kr/dataList/OA-16095/S/1/datasetView.do;https://golmok.seoul.go.kr/images/100_v3.pdf
mapping,,,,휴게음식점,업태구분명,편의점,unclassified,휴게음식점 허가는 조리·판매 시설 기록; 편의점 소매 점포 전체 생존 기록으로 간주하지 않음,https://data.seoul.go.kr/dataList/OA-16095/S/1/datasetView.do;https://golmok.seoul.go.kr/images/100_v3.pdf
mapping,,,,휴게음식점,업태구분명,푸드트럭,unclassified,혼합 업태·시설 유형·유흥 또는 정의 불일치; 단일 CS 업종을 확정할 근거 부족,https://data.seoul.go.kr/dataList/OA-16095/S/1/datasetView.do;https://golmok.seoul.go.kr/images/100_v3.pdf
mapping,CS100001,한식음식점,,휴게음식점,업태구분명,한식,mapped,인허가 종류와 업태를 함께 검토해 단일 CS 업종에 연결; 서울시 100대 업종 정의와 대조,https://data.seoul.go.kr/dataList/OA-16095/S/1/datasetView.do;https://golmok.seoul.go.kr/images/100_v3.pdf
mapping,,,,휴게음식점,업태구분명,호프/통닭,unclassified,호프와 치킨을 업태만으로 나눌 수 없음; 사업장명 추측 금지,https://data.seoul.go.kr/dataList/OA-16095/S/1/datasetView.do;https://golmok.seoul.go.kr/images/100_v3.pdf
