자치구,상권명,임대료_천원당㎡_월,기준분기
종로구,광화문,92.4,2026년 2분기
종로구,북촌,100.9,2026년 2분기
종로구,서촌,45.1,2026년 2분기
종로구,종로,71.8,2026년 2분기
종로구,혜화동,60.0,2026년 2분기
중구,남대문,77.4,2026년 2분기
중구,동대문,52.8,2026년 2분기
중구,명동,152.2,2026년 2분기
중구,방산시장,71.2,2026년 2분기
중구,시청,97.1,2026년 2분기
중구,약수역,75.1,2026년 2분기
중구,을지로,68.8,2026년 2분기
중구,충무로,51.7,2026년 2분기
용산구,숙명여대,45.0,2026년 2분기
용산구,용산역,40.3,2026년 2분기
용산구,이태원,69.2,2026년 2분기
성동구,뚝섬,65.0,2026년 2분기
성동구,왕십리,43.9,2026년 2분기
광진구,건대입구,51.5,2026년 2분기
광진구,군자,36.6,2026년 2분기
동대문구,경희대,50.4,2026년 2분기
동대문구,장안동,34.5,2026년 2분기
동대문구,청량리,40.6,2026년 2분기
중랑구,상봉역,45.9,2026년 2분기
성북구,성신여대,58.4,2026년 2분기
강북구,미아사거리,40.5,2026년 2분기
강북구,수유,39.6,2026년 2분기
도봉구,,,2026년 2분기
노원구,상계역,24.4,2026년 2분기
은평구,불광역,38.0,2026년 2분기
은평구,연신내,44.8,2026년 2분기
서대문구,신촌/이대,40.8,2026년 2분기
마포구,공덕역,59.8,2026년 2분기
마포구,동교/연남,56.6,2026년 2분기
마포구,망원역,41.3,2026년 2분기
마포구,홍대/합정,63.6,2026년 2분기
양천구,목동,41.9,2026년 2분기
강서구,까치산역,31.8,2026년 2분기
강서구,화곡,30.1,2026년 2분기
구로구,오류동역,55.7,2026년 2분기
금천구,독산/시흥,31.8,2026년 2분기
영등포구,당산역,41.8,2026년 2분기
영등포구,영등포역,38.5,2026년 2분기
동작구,노량진,30.5,2026년 2분기
동작구,사당,48.1,2026년 2분기
관악구,서울대입구역,68.8,2026년 2분기
관악구,신림역,67.9,2026년 2분기
서초구,강남대로,85.5,2026년 2분기
서초구,교대역,46.4,2026년 2분기
서초구,남부터미널,44.3,2026년 2분기
강남구,논현역,70.4,2026년 2분기
강남구,도산대로,55.9,2026년 2분기
강남구,신사역,74.6,2026년 2분기
강남구,압구정,61.9,2026년 2분기
강남구,청담,68.9,2026년 2분기
강남구,테헤란로,73.0,2026년 2분기
송파구,가락시장,31.6,2026년 2분기
송파구,잠실/송파,36.0,2026년 2분기
송파구,잠실새내역,34.3,2026년 2분기
강동구,천호,57.6,2026년 2분기
